id,first_name,last_name,email,gender,Phone
1,Cymbre,Paulot,cpaulot0@omniture.com,Female,814-550-5675
2,Avigdor,Risbie,arisbie1@addthis.com,Male,303-678-6888
3,Carmine,Huriche,churiche2@weebly.com,Male,318-997-2003
4,Alessandro,Schlagman,aschlagman3@imageshack.us,Male,426-117-0822
5,Roxine,Gyse,rgyse4@mapy.cz,Agender,586-124-4635
6,Birk,Santarelli,bsantarelli5@zimbio.com,Male,956-788-8972
7,Drucy,Cheales,dcheales6@merriam-webster.com,Polygender,641-211-4954
8,Yulma,Pitt,ypitt7@vk.com,Male,442-442-8685
9,Lolita,Aldis,laldis8@cisco.com,Female,422-879-0080
10,Tybalt,Jolland,tjolland9@sitemeter.com,Male,833-536-2813
11,Kandy,Budnk,kbudnka@mapquest.com,Female,681-368-7446
12,Zaccaria,Whaymand,zwhaymandb@sakura.ne.jp,Male,476-528-2752
13,Dewain,Wisdish,dwisdishc@bravesites.com,Male,621-524-7023
14,Briana,Adolfson,badolfsond@webeden.co.uk,Female,784-173-6288
15,Debora,Bycraft,dbycrafte@twitpic.com,Female,477-127-1960
16,Kalie,Stockell,kstockellf@edublogs.org,Female,876-290-0427
17,Elsbeth,Pinnijar,epinnijarg@printfriendly.com,Female,580-290-5630
18,Ulises,Schirak,uschirakh@ocn.ne.jp,Male,251-127-4098
19,Cybil,Realph,crealphi@g.co,Female,418-495-9666
20,Sonni,Renne,srennej@mashable.com,Female,723-461-6612
21,Alastair,Lobbe,alobbek@si.edu,Male,740-701-3136
22,Alaric,Harriott,aharriottl@feedburner.com,Male,214-951-5161
23,Jedediah,Rouch,jrouchm@studiopress.com,Male,234-127-0843
24,Yovonnda,Barrell,ybarrelln@e-recht24.de,Female,354-592-2559
25,Ottilie,Kupis,okupiso@npr.org,Female,407-999-3849
26,Ellsworth,Fillimore,efillimorep@rambler.ru,Male,504-942-2338
27,Matti,Adenet,madenetq@networksolutions.com,Female,457-267-9663
28,Ulberto,Reskelly,ureskellyr@psu.edu,Male,838-178-1644
29,Cathrine,Eaken,ceakens@ihg.com,Female,483-484-2581
30,Rowen,Krysztowczyk,rkrysztowczykt@weebly.com,Male,988-244-5935
31,Leonhard,Baddiley,lbaddileyu@dot.gov,Male,699-790-2747
32,Kelsy,Blankett,kblankettv@purevolume.com,Female,493-924-9089
33,Guthrey,Foxhall,gfoxhallw@sciencedaily.com,Male,931-708-2303
34,Julissa,Wyness,jwynessx@freewebs.com,Female,896-441-4967
35,Ebeneser,Climer,eclimery@netvibes.com,Male,562-794-9554
36,Saul,Folder,sfolderz@instagram.com,Male,450-128-3744
37,Nevsa,Corpe,ncorpe10@lycos.com,Female,790-608-2169
38,Eward,Dabrowski,edabrowski11@123-reg.co.uk,Male,913-435-6559
39,Alissa,Soars,asoars12@nih.gov,Genderqueer,980-452-2828
40,Lida,Voak,lvoak13@state.tx.us,Female,413-491-5764
41,Darwin,Zannotti,dzannotti14@homestead.com,Male,653-385-2288
42,Gaston,McArdell,gmcardell15@ebay.co.uk,Male,996-495-7438
43,Clementine,Lambeth,clambeth16@dmoz.org,Female,375-289-6785
44,Broderic,Spadotto,bspadotto17@noaa.gov,Male,746-607-8839
45,Loleta,Goodnow,lgoodnow18@nbcnews.com,Female,772-221-0721
46,Felipa,Alessandretti,falessandretti19@smugmug.com,Female,595-993-4193
47,Cosme,Carstairs,ccarstairs1a@eepurl.com,Male,129-739-8402
48,Milt,O'Shiels,moshiels1b@blog.com,Male,908-299-3202
49,Francyne,Foulser,ffoulser1c@seattletimes.com,Female,469-919-5472
50,Davide,Bushen,dbushen1d@feedburner.com,Male,217-391-3663
51,Bertrand,Trevance,btrevance1e@deviantart.com,Male,208-373-7325
52,Daphene,MacDowal,dmacdowal1f@cnbc.com,Female,347-586-1452
53,Britte,O'Logan,bologan1g@ustream.tv,Female,156-824-1814
54,Ramon,Locke,rlocke1h@blinklist.com,Male,104-787-5074
55,Stacee,Dalbey,sdalbey1i@smh.com.au,Male,430-158-2527
56,Emeline,Dubble,edubble1j@tumblr.com,Female,412-579-1587
57,Agosto,Kibard,akibard1k@time.com,Male,537-855-5614
58,Zachery,Morsom,zmorsom1l@ebay.com,Male,539-787-4522
59,Gwyn,Earsman,gearsman1m@paypal.com,Female,963-951-9089
60,Appolonia,Morley,amorley1n@over-blog.com,Female,370-945-3767
61,Benji,Kerrane,bkerrane1o@cbc.ca,Male,908-361-9450
62,Gabi,Warsop,gwarsop1p@w3.org,Male,619-988-9096
63,Aurie,Hoffmann,ahoffmann1q@google.pl,Female,230-745-7744
64,Urson,Canby,ucanby1r@cocolog-nifty.com,Male,118-913-6408
65,Marco,Brockton,mbrockton1s@topsy.com,Male,223-571-5378
66,Web,But,wbut1t@digg.com,Male,102-441-3735
67,Briant,Valek,bvalek1u@quantcast.com,Male,352-259-7806
68,Yolande,Belshaw,ybelshaw1v@youtu.be,Female,585-341-8498
69,Chryste,Zupone,czupone1w@jigsy.com,Female,279-206-8657
70,Alick,Kleinhaut,akleinhaut1x@irs.gov,Male,246-727-0442
71,Kiley,Darrel,kdarrel1y@ebay.co.uk,Male,694-961-0418
72,Eleni,Ambroise,eambroise1z@topsy.com,Female,456-585-9581
73,Catlaina,Beaumont,cbeaumont20@amazonaws.com,Female,172-265-5931
74,Paxton,Gorstidge,pgorstidge21@weibo.com,Male,871-980-2646
75,Konstantine,Johnsson,kjohnsson22@forbes.com,Male,265-136-5308
76,Blake,Lilian,blilian23@sphinn.com,Male,568-753-2311
77,Elyn,Barnwall,ebarnwall24@fastcompany.com,Female,137-963-8238
78,Vickie,Dorsett,vdorsett25@phoca.cz,Female,152-112-5056
79,Emerson,Shury,eshury26@columbia.edu,Male,265-658-2738
80,Julianna,Pashby,jpashby27@upenn.edu,Genderqueer,959-679-5683
81,Carter,McCuis,cmccuis28@kickstarter.com,Genderqueer,813-470-0069
82,Hobard,Cookney,hcookney29@ca.gov,Male,274-178-7806
83,Bonni,Gridley,bgridley2a@cyberchimps.com,Female,503-479-3148
84,Gwenni,Storm,gstorm2b@barnesandnoble.com,Female,619-372-3312
85,Marika,Steptowe,msteptowe2c@si.edu,Female,828-824-7636
86,Nilson,Renoden,nrenoden2d@paypal.com,Male,768-186-9855
87,Towney,Brashaw,tbrashaw2e@list-manage.com,Male,711-461-5734
88,Lyle,Wisson,lwisson2f@statcounter.com,Male,151-675-9248
89,Currey,Phaup,cphaup2g@acquirethisname.com,Male,332-766-0477
90,Gladi,Spencook,gspencook2h@mtv.com,Female,402-423-8088
91,Amalita,Goodwell,agoodwell2i@java.com,Female,546-957-9502
92,Christoffer,Fandrey,cfandrey2j@jigsy.com,Male,935-848-5179
93,Damien,McCormack,dmccormack2k@hugedomains.com,Male,876-475-0139
94,Courtenay,Ponsford,cponsford2l@omniture.com,Female,758-262-5024
95,Thomasin,Mogford,tmogford2m@google.pl,Female,227-343-5426
96,Genni,Losano,glosano2n@sfgate.com,Genderqueer,387-211-3237
97,Dennis,Bassford,dbassford2o@discuz.net,Male,278-257-8333
98,Kati,Capaldo,kcapaldo2p@fotki.com,Agender,846-521-7651
99,Norah,Lent,nlent2q@discovery.com,Female,353-434-4422
100,Chad,Hurdidge,churdidge2r@zimbio.com,Genderqueer,275-951-8956
101,Goran,Charleston,gcharleston2s@51.la,Male,644-521-5619
102,Dyana,Bompas,dbompas2t@weather.com,Female,569-857-4063
103,Mildred,Sloane,msloane2u@vimeo.com,Female,575-911-7506
104,Ty,Tear,ttear2v@lycos.com,Male,354-454-7695
105,Mora,Dolden,mdolden2w@posterous.com,Female,697-498-0123
106,Lauraine,Jerke,ljerke2x@dion.ne.jp,Female,795-584-8096
107,Egon,Touzey,etouzey2y@foxnews.com,Agender,612-334-7969
108,Ezechiel,Keeffe,ekeeffe2z@studiopress.com,Male,215-722-0379
109,Martynne,Conway,mconway30@phpbb.com,Female,830-964-0385
110,Brande,McTrustrie,bmctrustrie31@miitbeian.gov.cn,Female,212-220-1678
111,Letisha,Brandino,lbrandino32@123-reg.co.uk,Bigender,443-464-3795
112,Alejandrina,Mossom,amossom33@vimeo.com,Female,176-702-8581
113,Audrye,Lantry,alantry34@myspace.com,Female,421-404-3605
114,Dexter,Vinau,dvinau35@hostgator.com,Male,408-446-4342
115,Dorolisa,Shardlow,dshardlow36@apache.org,Female,379-212-6416
116,Cherida,Kiley,ckiley37@cnn.com,Female,734-221-7657
117,Marietta,Hallitt,mhallitt38@exblog.jp,Male,141-909-0556
118,Magnum,Rorke,mrorke39@toplist.cz,Male,128-296-2119
119,Ardene,Hargerie,ahargerie3a@furl.net,Female,227-159-1524
120,Dyna,Haquin,dhaquin3b@ycombinator.com,Female,285-329-5802
121,Gilberto,Membry,gmembry3c@ucoz.com,Male,345-498-2303
122,Moina,Klaessen,mklaessen3d@soundcloud.com,Female,725-590-9859
123,Alyss,Reisenberg,areisenberg3e@oakley.com,Female,823-539-1214
124,Adolph,Durdy,adurdy3f@t.co,Male,857-189-1872
125,Rosetta,Cleobury,rcleobury3g@is.gd,Agender,386-485-9468
126,Gavin,Huertas,ghuertas3h@google.com.hk,Male,150-567-1165
127,Ofelia,Schimpke,oschimpke3i@dailymail.co.uk,Female,726-137-4896
128,Davida,Thoresby,dthoresby3j@symantec.com,Female,766-882-0602
129,Shaun,Morratt,smorratt3k@arstechnica.com,Male,241-355-0840
130,Carrol,Anfossi,canfossi3l@skyrock.com,Male,551-967-0150
131,Lindy,Hatherley,lhatherley3m@ucoz.com,Female,652-505-8519
132,Aubrette,Hickin,ahickin3n@skyrock.com,Agender,907-459-8011
133,Niall,Schoular,nschoular3o@webeden.co.uk,Male,231-503-1957
134,Elsi,Mapother,emapother3p@odnoklassniki.ru,Female,959-744-3381
135,Nina,Cannaway,ncannaway3q@addthis.com,Agender,970-857-1541
136,Nathaniel,Werendell,nwerendell3r@boston.com,Male,861-690-5525
137,Marie-jeanne,Albrooke,malbrooke3s@i2i.jp,Female,263-472-6045
138,Hillery,Serrier,hserrier3t@networksolutions.com,Male,347-287-5452
139,Bale,Kitchingman,bkitchingman3u@europa.eu,Male,313-232-2192
140,Eddie,Robardley,erobardley3v@gizmodo.com,Genderfluid,514-472-7223
141,Gertrude,Dundredge,gdundredge3w@wordpress.org,Female,826-998-5229
142,Wald,Bramer,wbramer3x@weather.com,Male,648-112-0393
143,Moise,Robrow,mrobrow3y@amazon.co.uk,Genderqueer,910-626-0466
144,Alf,Taks,ataks3z@wiley.com,Male,395-709-9622
145,Dimitri,Langlais,dlanglais40@deviantart.com,Male,520-313-1014
146,Kimmie,Mizen,kmizen41@homestead.com,Female,831-555-1383
147,Kellie,Gauge,kgauge42@ihg.com,Female,287-846-8412
148,Giles,Salan,gsalan43@theglobeandmail.com,Male,525-662-4340
149,Jarred,Checkley,jcheckley44@gov.uk,Male,936-838-8848
150,Jessey,Ackery,jackery45@army.mil,Male,626-179-2927
